<?xml version="1.0" encoding="UTF-8"?><metadata>
    <idinfo>
        <citation>
            <citeinfo>
                <title>Traffic Volume</title>
                <geoform>vector digital data</geoform>
            </citeinfo>
        </citation>
        <descript>
            <abstract>By using this data, you agree to the SEMCOG Copyright License 
Agreement. The full text can be read here: 
https://mapssemcog.opendata.arcgis.com/pages/copyright-license-agreementDaily Vehicle Miles Traveled (VMT) is calculated by the sum of (Average Annual Daily Traffic (AADT) x segment length). Daily VMT represents approximately the number of vehicle miles traveled daily on federal aid link segments in the map view only. This number should be used as an approximation of Daily VMT.</abstract>
            <purpose>SEMCOG's traffic volume map represents Average Annual Daily Traffic (AADT) for roads in Southeast Michigan that are eligible for Federal Funds.</purpose>
        </descript>
        <spdom>
            <bounding>
                <westbc>-84.156860</westbc>
                <eastbc>-82.414028</eastbc>
                <northbc>43.183711</northbc>
                <southbc>41.709705</southbc>
            </bounding>
        </spdom>
        <keywords>
            <theme>
                <themekt>ISO 19115 Topic Categories</themekt>
                <themekey>economy</themekey>
                <themekey>transportation</themekey>
            </theme>
            <place>
                <placekt>None</placekt>
                <placekey>Southeast Michigan</placekey>
            </place>
        </keywords>
        <accconst>None</accconst>
        <useconst>By using this data, you agree to the SEMCOG Copyright License Agreement. The full text can be read here: https://mapssemcog.opendata.arcgis.com/pages/copyright-license-agreement</useconst>
        <ptcontac>
            <cntinfo>
                <cntorgp>
                    <cntorg>Southeast Michigan Council of Governments</cntorg>
                </cntorgp>
                <cntaddr>
                    <addrtype>mailing and physical</addrtype>
                    <address>1001 Woodward Avenue, Suite 1400</address>
                    <city>Detroit</city>
                    <state>Michigan</state>
                    <postal>48226</postal>
                    <country>US</country>
                </cntaddr>
                <cntvoice>313-961-4266</cntvoice>
                <cntfax>313-961-4869</cntfax>
                <cntemail>infocenter@semcog.org</cntemail>
            </cntinfo>
        </ptcontac>
        <datacred>Southeast Michigan Council of Governments (SEMCOG)</datacred>
        <native>Esri ArcGIS 12.5.0.22081</native>
    </idinfo>
    <spdoinfo>
        <direct>Vector</direct>
        <ptvctinf>
            <sdtsterm>
                <sdtstype>String</sdtstype>
                <ptvctcnt>24897</ptvctcnt>
            </sdtsterm>
        </ptvctinf>
    </spdoinfo>
    <eainfo>
        <detailed>
            <enttyp>
                <enttypl>trafficvolume_js419</enttypl>
            </enttyp>
            <attr>
                <attrlabl>FID</attrlabl>
                <attrdef>Internal feature number.</attrdef>
                <attrdefs>Esri</attrdefs>
                <attrdomv>
                                        
                    <udom>Sequential unique whole numbers that are automatically generated.</udom>
                                    
                </attrdomv>
            </attr>
            <attr>
                <attrlabl>Shape</attrlabl>
                <attrdef>Feature geometry.</attrdef>
                <attrdefs>Esri</attrdefs>
                <attrdomv>
                                        
                    <udom>Coordinates defining the features.</udom>
                                    
                </attrdomv>
            </attr>
            <attr>
                <attrlabl>AADT</attrlabl>
                <attrdef>Average annual daily traffic</attrdef>
                <attrdefs>Southeast Michigan Council of Governments (SEMCOG)</attrdefs>
            </attr>
            <attr>
                <attrlabl>AADTR</attrlabl>
                <attrdef>Average annual daily traffic rounded</attrdef>
                <attrdefs>Southeast Michigan Council of Governments (SEMCOG)</attrdefs>
            </attr>
            <attr>
                <attrlabl>AADTTYPE</attrlabl>
                <attrdef>Average annual daily traffic type including observed, interpolated, and default</attrdef>
                <attrdefs>Southeast Michigan Council of Governments (SEMCOG)</attrdefs>
            </attr>
            <attr>
                <attrlabl>AADTYEAR</attrlabl>
                <attrdef>Average annual daily traffic year</attrdef>
                <attrdefs>Southeast Michigan Council of Governments (SEMCOG)</attrdefs>
            </attr>
            <attr>
                <attrlabl>BMP</attrlabl>
                <attrdef>Beginning mile point</attrdef>
                <attrdefs>Southeast Michigan Council of Governments (SEMCOG)</attrdefs>
            </attr>
            <attr>
                <attrlabl>CNTNAME</attrlabl>
                <attrdef>County Name</attrdef>
                <attrdefs>Southeast Michigan Council of Governments (SEMCOG)</attrdefs>
            </attr>
            <attr>
                <attrlabl>CNTNUM</attrlabl>
                <attrdef>County number</attrdef>
                <attrdefs>Southeast Michigan Council of Governments (SEMCOG)</attrdefs>
            </attr>
            <attr>
                <attrlabl>COMMUNITY</attrlabl>
                <attrdef>Community</attrdef>
                <attrdefs>Southeast Michigan Council of Governments (SEMCOG)</attrdefs>
            </attr>
            <attr>
                <attrlabl>EMP</attrlabl>
                <attrdef>End mile point</attrdef>
                <attrdefs>Southeast Michigan Council of Governments (SEMCOG)</attrdefs>
            </attr>
            <attr>
                <attrlabl>FALINK_ID</attrlabl>
                <attrdef>Unique federal aid ID</attrdef>
                <attrdefs>Southeast Michigan Council of Governments (SEMCOG)</attrdefs>
            </attr>
            <attr>
                <attrlabl>FUNCLASS</attrlabl>
                <attrdef>Functional Class</attrdef>
                <attrdefs>Southeast Michigan Council of Governments (SEMCOG)</attrdefs>
            </attr>
            <attr>
                <attrlabl>INTRP_AADT</attrlabl>
                <attrdef>Interpolated average annual daily traffic. Code
</attrdef>
                <attrdefs>Southeast Michigan Council of Governments (SEMCOG)</attrdefs>
            </attr>
            <attr>
                <attrlabl>JURISDICTI</attrlabl>
                <attrdef>Jurisdiction</attrdef>
                <attrdefs>Southeast Michigan Council of Governments (SEMCOG)</attrdefs>
            </attr>
            <attr>
                <attrlabl>LSNAME</attrlabl>
                <attrdef>Legal system name</attrdef>
                <attrdefs>Southeast Michigan Council of Governments (SEMCOG)</attrdefs>
            </attr>
            <attr>
                <attrlabl>LSNAME2</attrlabl>
                <attrdef>Legal system name 2</attrdef>
                <attrdefs>Southeast Michigan Council of Governments (SEMCOG)</attrdefs>
            </attr>
            <attr>
                <attrlabl>LSNUM</attrlabl>
                <attrdef>Legal system number</attrdef>
                <attrdefs>Southeast Michigan Council of Governments (SEMCOG)</attrdefs>
            </attr>
            <attr>
                <attrlabl>MCDNAME</attrlabl>
                <attrdef>municipality name</attrdef>
                <attrdefs>Southeast Michigan Council of Governments (SEMCOG)</attrdefs>
            </attr>
            <attr>
                <attrlabl>MCDSEMNO</attrlabl>
                <attrdef>Municipality</attrdef>
                <attrdefs>Southeast Michigan Council of Governments (SEMCOG)</attrdefs>
            </attr>
            <attr>
                <attrlabl>MMP</attrlabl>
                <attrdef>Middle mile point</attrdef>
                <attrdefs>Southeast Michigan Council of Governments (SEMCOG)</attrdefs>
            </attr>
            <attr>
                <attrlabl>NFCNAME</attrlabl>
                <attrdef>National functional class name</attrdef>
                <attrdefs>Southeast Michigan Council of Governments (SEMCOG)</attrdefs>
            </attr>
            <attr>
                <attrlabl>NFCNUM</attrlabl>
                <attrdef>National functional class number</attrdef>
                <attrdefs>Southeast Michigan Council of Governments (SEMCOG)</attrdefs>
            </attr>
            <attr>
                <attrlabl>NUMBER_LAN</attrlabl>
                <attrdef>Number of lanes</attrdef>
                <attrdefs>Southeast Michigan Council of Governments (SEMCOG)</attrdefs>
            </attr>
            <attr>
                <attrlabl>POSTED_SPE</attrlabl>
                <attrdef>Posted Speed</attrdef>
                <attrdefs>Southeast Michigan Council of Governments (SEMCOG)</attrdefs>
            </attr>
            <attr>
                <attrlabl>PR</attrlabl>
                <attrdef>Primary route  number</attrdef>
                <attrdefs>Southeast Michigan Council of Governments (SEMCOG)</attrdefs>
            </attr>
            <attr>
                <attrlabl>SEG_LENGTH</attrlabl>
                <attrdef>Segment length</attrdef>
                <attrdefs>Southeast Michigan Council of Governments (SEMCOG)</attrdefs>
            </attr>
            <attr>
                <attrlabl>SEM_ID_1</attrlabl>
                <attrdef>Count id number 1</attrdef>
                <attrdefs>Southeast Michigan Council of Governments (SEMCOG)</attrdefs>
            </attr>
            <attr>
                <attrlabl>SEM_ID_2</attrlabl>
                <attrdef>Count id number 2</attrdef>
                <attrdefs>Southeast Michigan Council of Governments (SEMCOG)</attrdefs>
            </attr>
            <attr>
                <attrlabl>SEM_ID_3</attrlabl>
                <attrdef>Count id number 3</attrdef>
                <attrdefs>Southeast Michigan Council of Governments (SEMCOG)</attrdefs>
            </attr>
            <attr>
                <attrlabl>SEM_ID_4</attrlabl>
                <attrdef>Count id number 4</attrdef>
                <attrdefs>Southeast Michigan Council of Governments (SEMCOG)</attrdefs>
            </attr>
            <attr>
                <attrlabl>SEMMCD1</attrlabl>
                <attrdef>Municipality</attrdef>
                <attrdefs>Southeast Michigan Council of Governments (SEMCOG)</attrdefs>
            </attr>
            <attr>
                <attrlabl>SEMMCD2</attrlabl>
                <attrdef>Municipality</attrdef>
                <attrdefs>Southeast Michigan Council of Governments (SEMCOG)</attrdefs>
            </attr>
            <attr>
                <attrlabl>SEMMCD3</attrlabl>
                <attrdef>Municipality</attrdef>
                <attrdefs>Southeast Michigan Council of Governments (SEMCOG)</attrdefs>
            </attr>
            <attr>
                <attrlabl>SEMMCD4</attrlabl>
                <attrdef>Municipality</attrdef>
                <attrdefs>Southeast Michigan Council of Governments (SEMCOG)</attrdefs>
            </attr>
            <attr>
                <attrlabl>SPEED_SOUR</attrlabl>
                <attrdef>Speed limit source</attrdef>
                <attrdefs>Southeast Michigan Council of Governments (SEMCOG)</attrdefs>
            </attr>
            <attr>
                <attrlabl>VMT</attrlabl>
                <attrdef>Vehicle mile traveled</attrdef>
                <attrdefs>Southeast Michigan Council of Governments (SEMCOG)</attrdefs>
            </attr>
            <attr>
                <attrlabl>ROAD_NAME</attrlabl>
                <attrdef>On road name</attrdef>
                <attrdefs>Southeast Michigan Council of Governments (SEMCOG)</attrdefs>
            </attr>
            <attr>
                <attrlabl>TEXT_AADT</attrlabl>
                <attrdef>Average annual daily traffic text</attrdef>
                <attrdefs>Southeast Michigan Council of Governments (SEMCOG)</attrdefs>
            </attr>
            <attr>
                <attrlabl>TEXT_YEAR</attrlabl>
                <attrdef>Year text</attrdef>
                <attrdefs>Southeast Michigan Council of Governments (SEMCOG)</attrdefs>
            </attr>
            <attr>
                <attrlabl>PASER</attrlabl>
                <attrdef>PASER rating</attrdef>
                <attrdefs>Southeast Michigan Council of Governments (SEMCOG)</attrdefs>
            </attr>
            <attr>
                <attrlabl>COND</attrlabl>
                <attrdef>Road condition</attrdef>
                <attrdefs>Southeast Michigan Council of Governments (SEMCOG)</attrdefs>
            </attr>
            <attr>
                <attrlabl>SURFACE</attrlabl>
                <attrdef>Surface Type</attrdef>
                <attrdefs>Southeast Michigan Council of Governments (SEMCOG)</attrdefs>
            </attr>
            <attr>
                <attrlabl>LANES</attrlabl>
                <attrdef>Number of lanes</attrdef>
                <attrdefs>Southeast Michigan Council of Governments (SEMCOG)</attrdefs>
            </attr>
            <attr>
                <attrlabl>LANEMI</attrlabl>
                <attrdef>Lane miles</attrdef>
                <attrdefs>Southeast Michigan Council of Governments (SEMCOG)</attrdefs>
            </attr>
            <attr>
                <attrlabl>COUNTYL</attrlabl>
                <attrdef>County left</attrdef>
                <attrdefs>Southeast Michigan Council of Governments (SEMCOG)</attrdefs>
            </attr>
            <attr>
                <attrlabl>MPO_ID_CAR</attrlabl>
                <attrdef>MPO ID used for carto</attrdef>
                <attrdefs>Southeast Michigan Council of Governments (SEMCOG)</attrdefs>
            </attr>
            <attr>
                <attrlabl>LATEST_COU</attrlabl>
                <attrdef>Latest count</attrdef>
                <attrdefs>Southeast Michigan Council of Governments (SEMCOG)</attrdefs>
            </attr>
            <attr>
                <attrlabl>AGENCY_ID</attrlabl>
                <attrdef>Agency ID number</attrdef>
                <attrdefs>Southeast Michigan Council of Governments (SEMCOG)</attrdefs>
            </attr>
            <attr>
                <attrlabl>AADT_MS2</attrlabl>
                <attrdef>Average annual daily traffic MS2</attrdef>
                <attrdefs>Southeast Michigan Council of Governments (SEMCOG)</attrdefs>
            </attr>
            <attr>
                <attrlabl>AADT_MS2_Y</attrlabl>
                <attrdef>Average annual daily traffic MS2 Year</attrdef>
                <attrdefs>Southeast Michigan Council of Governments (SEMCOG)</attrdefs>
            </attr>
        </detailed>
    </eainfo>
    <metainfo>
        <metd>20200603</metd>
        <metc>
            <cntinfo>
                <cntorgp>
                    <cntorg>Southeast Michigan Council of Governments</cntorg>
                </cntorgp>
                <cntaddr>
                    <addrtype>mailing and physical</addrtype>
                    <address>1001 Woodward Avenue, Suite 1400</address>
                    <city>Detroit</city>
                    <state>Michigan</state>
                    <postal>48226</postal>
                    <country>US</country>
                </cntaddr>
                <cntvoice>313-961-4266</cntvoice>
                <cntfax>313-961-4869</cntfax>
                <cntemail>infocenter@semcog.org</cntemail>
            </cntinfo>
        </metc>
        <metstdn>FGDC Content Standard for Digital Geospatial Metadata</metstdn>
        <metstdv>FGDC-STD-001-1998</metstdv>
        <mettc>local time</mettc>
    </metainfo>
</metadata>
